{
    "accuracy": 0.8667551426675514,
    "precision": 0.7625628140703518,
    "recall": 0.6597826086956522,
    "f1_score": 0.7074592074592074
}
