{"accuracy": 0.8690112806901128, "precision": 0.7764095917044718, "recall": 0.6510869565217391, "f1_score": 0.7082471179426545}