{"accuracy": 0.8688785666887857, "precision": 0.7759067357512953, "recall": 0.6510869565217391, "f1_score": 0.7080378250591016}